﻿Question,Answer,Marks
what is a computer?,A computer is a device that accepts information (in the form of digitalized data) and manipulates it for some result based on a program software or sequence of instructions on how the data is to be processed.,10
what is a computer?,A computer is a tool used for word processing email and web browsing.,4
what is a computer?,A computer is a machine used for calculations and computations,7
what is a computer?,A computer is a device that can store and retrieve large amounts of data.,7
what is a computer?,A computer is a machine that can communicate with other computers over a network.,8
what is a computer?,A computer is a tool used for creating digital artwork and graphics.,6
what is a computer?,A computer is a device that can be programmed to perform specific tasks.,9
what is a computer?,A computer is a machine that uses binary code to represent data.,8
what is a computer?,A computer is a magical box that grants wishes.,1
what is a computer?,A computer is a tool that enables users to perform tasks and access information but it occasionally decides to take a break and freeze up.,3
what is a computer?,A computer is a machine that allows users to communicate with others although it may sometimes misinterpret their commands and respond in unexpected ways.,4
what is a computer?,A computer is a device that can store and retrieve vast amounts of data but it occasionally forgets where it put things and requires assistance to find them again.,6
what is a computer?,SLIIT,0
what is a computer?,Sri Lanka,0
what is a computer?,It’s a food,0
what is a computer?,A computer is a machine and we are using it to do a calculation,2
what is a computer?,A computer is a machine that can be programmed to carry out sequences of arithmetic or logical operations (computation) automatically. Modern digital electronic computers can perform generic sets of operations known as programs. These programs enable computers to perform a wide range of tasks. A computer system is a nominally complete computer that includes the hardware operating system (main software) and peripheral equipment needed and used for full operation. This term may also refer to a group of computers that are linked and function together such as a computer network or computer cluster.,10
what is a computer?,Computer is an electronic device that enables a user to perform many tasks engaging information.,8
what is a computer?,a machine that can be programmed to carry out sequences of arithmetic or logical operations automatically.,9
what is a computer?,Computer is a machine which takes input and process it and release the processed information as output.,7
what is a computer?,Computer is a machine that converts data to information.,8
what is a computer?,A machine use to convert data to information for give a meaningful information,8
what is a computer?,computer is a machine that convert data into information,9
what is a computer?,A computer is an electric device that is capable of processing and storing information,8
what is a computer?,Computer is a set of Process that include Input process output and it's stored. I take the input as date and process the instruction and give it back to output as information,7
what is a computer?,A computer is a device that accepts information (in the form of digitalized data) and manipulates it for some result based on a program software or sequence of instructions on how the data is to be processed.,9
what is a computer?,A computer is a machine that helps humans with day-to-day tasks.,4
what is a computer?,A computer is a machine that performs operations automatically.,1
what is a computer?,A computer is a machine that carries out arithmetic and logical operations based on programs.,2
what is a computer?,A computer is a machine that can be programmed to perform a wide range of tasks through sequences of arithmetic or logical operations.,3
what is a computer?,Colombo,0
what is a computer?,A computer is an automated machine.,1
what is a computer?,A computer is a programmable device that performs calculations and processes information.,2
what is a computer?,A computer is an electronic device that can execute a variety of operations and tasks based on programmed instructions such as performing calculations storing and retrieving data and communicating with other devices.,3
what is a computer?,Rice and Curry ,0
what is a computer?,Ice Cream,0
what is a computer?,Sri Lanka Institute of Information Technology,0
what is a computer?,A computer is a system that consists of components like a monitor CPU mouse keyboard etc that we use to achieve certain tasks.,7
what is a computer?,Which is take input make process give output,7
what is a computer?,an electronic device for storing and processing data typically in binary form according to instructions given to it in a variable program.,8
what is a computer?,Electronic device for storing and processing data.,5
what is a computer?,Computer is an electronic device that enables a user to perform many tasks engaging information.,6
what is a computer?,An electronic device that gives us information,5
What is a website?,Website is world wide web pages that gives us the information we need,5
What is a website?,Website is a collection of web page/pages where users can use to get information or use as a economical site over the internet,8
What is a website?,World wide Web,2
What is a website?,Collection of webpages,2
What is a website?,Website where we can search something,4
What is a website?,A website is a site that can be found on the internet that contains information we need.,7
What is a website?,a collection of web pages and related content that is identified by a common domain name and published on at least one web server.,6
What is a website?,Web site is software application which is hosted in server. ii can be accessed anywhere through internet.,6
What is a website?,Collection of web pages.,5
What is a website?,Website is a collection of web pages and information in digital form.,7
What is a website?,It is a site hosted in web.,3
What is a website?,Collection of web pages,5
What is a website?,Website is a collection of publicly accessible interlinked Web pages that share a single domain name,6
What is a website?,A website is like a virtual place on the internet.,5
What is a website?,It is a collection of webpages that are hosted on a webserver and can be accessed over the internet through a web browser,6
What is a website?,Set of Webpages that contain information,5
What is a website?,A website is a collection of files accessed through a web address covering a particular theme or subject and managed by a particular person or organization.,6
What is a website?,A website is a collection of web pages with content.,5
What is a keyboard and mouse?,Input devices,4
What is a keyboard and mouse?,Keyboard is an electronic output device to type and mouse is also an output device to control cursor actions,0
What is a keyboard and mouse?,Keyboard – a panel of keys used for putting information including letters. Mouse – is a hand-operated pointing device.,5
What is a keyboard and mouse?,a panel of keys used for putting information including letters words and numbers into your computer. Mouse is a hand-operated pointing device.,5
What is a keyboard and mouse?,They use to put input to computer,3
What is a keyboard and mouse?,A keyboard is used to input letters numbers commands etc and the mouse is used to navigate the monitor screen with a cursor.,7
What is a keyboard and mouse?,Input devices that allow users to interact with a computer.,5
What is a keyboard and mouse?,Keyboard and mouse is two main sources we use to give the input to the computer.,6
What is a keyboard and mouse?,Keys to used for input data to computer,4
What is a keyboard and mouse?,These are helping to giving commands and data inputs to the computer,4
What is a keyboard and mouse?,Keyboard is just a board with several keys. Mouse is a mouse which looks like a mouse.,3
What is a keyboard and mouse?,Keyboard is use for input device to input data to computer Mouse also the input device to input data from desktop,4
What is a keyboard and mouse?,Keyboard – a panel of keys used for putting information including letters words and numbers into your computer. Mouse – is a hand-operated pointing device.,5
What is a keyboard and mouse?,keyboard and mouse are input devices to computer,5
What is a keyboard and mouse?,Keyboard is for putting information including letters words and numbers into your computer Mouse is a small hand held device which is moved across a mat or flat surface to move the cursor on a computer screen,6
What is a keyboard and mouse?,It's input devices and control the device,4
What is a keyboard and mouse?,Keyboard – a panel of keys used for putting information including letters words and numbers into your computer. Mouse – is a hand-operated pointing device. When you move the mouse on your desk the mouse pointer on the screen mimics its movement,6
What is a keyboard and mouse?,Keyboard letters and symbols of computers and mouse point devices,2
What is software?,A specific set of instructions which used to do a task,4
What is software?,Software is intangible set of instructions to perform tasks,5
What is software?,set of instructions data or programs used to operate computers and execute specific tasks.,7
What is software?,is a set of instructions data or programs used to operate computers and execute specific tasks,7
What is software?,Is a layer between computer hardware and os,8
What is software?,A software is a program that is developed by programmers in order to achieve certain tasks.,7
What is software?,A collection of computer programs and related data that enable a computer to carry out its intended functions.,6
What is software?,Software is a collection of programs which works together to give outputs.,5
What is software?,A program that is used by computer,1
What is software?,Programme designed for information process in computers,2
What is software?,Software is not hard. So it is soft. So It is software.,0
What is software?,A programs used to operate to operate computers and excute special tasks,4
What is software?,The programs and other operating information used by a computer.,3
What is software?,software is a system it developed by some programming languages,4
What is software?,It refer computer programs and the associated data that provide instructions for telling a computer what to do and how to perform specific tasks,4
What is software?,Set of instructions and Data that process according to the requirement and needs,4
What is software?,Software is a set of instructions data or programs used to operate computers and execute specific tasks.,4
What is software?,A program to handle computers,3
What are the inputs devices?,Input devices are the devices that we plug into the computer,4
What are the inputs devices?,Pen drive CD/DVD,6
What are the inputs devices?,Keyboard mouse mic  camera,7
What are the inputs devices?,keyboards mouse scanners cameras joysticks and microphones,8
What are the inputs devices?,Mouse keyboard,2
What are the inputs devices?,Input devices are the devices that we use to input data into the computer. For example keyboard mouse microphone etc,9
What are the inputs devices?,Devices that allow users to input data into a computer.,5
What are the inputs devices?,Input is the first we insert to the program.,0
What are the inputs devices?,Data that put into the computer,0
What are the inputs devices?,USB external hard disk,2
What are the inputs devices?,Input devices are used to put inputs to inside.,3
What are the inputs devices?,A data that is entered into or received by a computer,5
What are the inputs devices?,keyboards mouse scanners cameras joysticks and microphones.,7
What are the inputs devices?,whatever we are input that all are called as input,0
What are the inputs devices?,It is a piece of equipment used to provide data and control signals to an information processing system,5
What are the inputs devices?,Input is the set of data that feed in to the process,5
What are the inputs devices?,In computing an input device is a piece of equipment used to provide data and control signals to an information processing system such as a computer or information appliance.,7
What are the inputs devices?,Giving something to computer.,1
What is a website?,A website is a collection of files accessed through a web address covering a particular theme or subject and managed by a particular person or organization. Its opening page is called a home page.,10
What is a website?,A site or website is a central location of web pages that are related and accessed by visiting the home page of the website using a browser.,10
What is a website?,A website is a collection of web pages that are linked together and published on at least one web server. Websites can be created and maintained by individuals groups businesses or organizations to serve a variety of purposes.,10
What is a website?,A website is a large empty room with a lot of computers in it.,0
What is a website?,A website is a type of bird that can fly very high.,0
What is a website?,A website is a new type of car that is made entirely of glass.,0
What is a website?,A website is a new type of food that is made entirely of pixels.,0
What is a website?,A website is a new type of pet that is made entirely of code.,0
What is a website?,A website is a collection of web pages that are linked together and identified by a unique domain name.,6
What are the inputs devices?,keyboards mouse scanners cameras joysticks and microphones.,9
What are the inputs devices?,an input device is a piece of equipment used to provide data and control signals to an information processing system such as a computer or information appliance. Examples of input devices include keyboards mouse scanners cameras joysticks and microphones.,10
What are the inputs devices?,Keyboards Mice Touchscreens Scanners Cameras Microphones and Game controllers,9
What is software?,Software is a set of instructions data or programs used to operate computers and execute specific tasks. It is the opposite of hardware which describes the physical aspects of a computer.,10
What is software?,Software is a set of instructions that tells a computer what to do.,9
What is software?,Software is the opposite of hardware which is the physical parts of a computer.,8
What is software?,Software can be divided into two main types: system software and application software.,7
What is software?,System software controls the computer's hardware and provides a platform for application software to run on.,8
What is software?,Application software is used to perform specific tasks such as word processing web browsing and gaming.,7
What is software?,Software can be purchased rented or downloaded.,6
What is software?,Software is constantly evolving with new releases being released all the time.,8
What is software?,Software is a type of food.,0
What is software?,Software is a type of clothing.,0
What is software?,Software is a type of animal.,0
What is software?,Software is a type of plant.,0
What is software?,Software is a type of mineral.,0
What is software?,Software is a set of instructions that tells a computer what to do.,4
What is software?,Software is a collection of data and programs that are used to operate a computer.,5
What is software?,Software is a type of computer program that is used to perform a specific task.,6
What is a CPU?,A CPU or Central Processing Unit is the primary component of a computer responsible for executing instructions and performing calculations.,8
What is RAM in a computer?,RAM or Random Access Memory is a type of computer memory that is used to temporarily store data that the CPU is currently working on. It provides fast and temporary storage for running applications and data.,7
What is the purpose of an operating system?,An operating system is software that manages computer hardware provides services for software applications and allows users to interact with the computer. It acts as an intermediary between users and the hardware.,9
Define a computer virus?,A computer virus is a malicious software program that replicates itself by attaching to other legitimate programs or files. It is designed to spread and cause harm to computer systems often by corrupting or destroying data.,8
What is a firewall in network security?, A firewall is a security device or software that monitors and controls incoming and outgoing network traffic based on an organization's previously established security policies. It acts as a barrier between a trusted internal network and untrusted external networks protecting against unauthorized access and threats.,9
Explain what a web browser is?,A web browser is a software application that allows users to access and view content on the World Wide Web. It interprets and displays web pages enabling users to navigate the internet interact with websites and access online resources.,7
What is a domain name?,A domain name is a human-readable address used to identify and access resources on the internet. It is part of a URL and typically represents a website or online service such as www.example.com.,6
Define encryption in the context of computer security?,Encryption is the process of converting data into a secure and unreadable format using mathematical algorithms. It is used to protect sensitive information and ensure that only authorized parties can access and decipher the data.,8
What is a CPU?,A CPU or Central Processing Unit is the primary component of a computer responsible for executing instructions and performing calculations.,8
What is a CPU?,The CPU is often referred to as the brain of the computer.,7
What is a CPU?,A CPU is a type of computer monitor.,2
What is a CPU?,A CPU is a software program.,3
What is RAM in a computer?,RAM or Random Access Memory is a type of computer memory that is used to temporarily store data that the CPU is currently working on.,7
What is RAM in a computer?,RAM provides fast and temporary storage for running applications and data.,7
What is RAM in a computer?,RAM is a permanent storage device used to store all computer data.,3
What is RAM in a computer?,RAM stands for "Remote Access Module" and is used for internet connections.,2
What is the purpose of an operating system?,An operating system is software that manages computer hardware provides services for software applications and allows users to interact with the computer.,9
What is the purpose of an operating system?,It acts as an intermediary between users and the hardware.,8
What is the purpose of an operating system?,An operating system is a type of computer virus.,2
What is the purpose of an operating system?,The purpose of an operating system is to run only video games.,3
Define a computer virus?,A computer virus is a malicious software program that replicates itself by attaching to other legitimate programs or files.,8
Define a computer virus?,It is designed to spread and cause harm to computer systems often by corrupting or destroying data.,8
Define a computer virus?,A computer virus is a type of computer hardware.,2
Define a computer virus?,Computer viruses are created to enhance computer performance.,3
What is an IP address?,An IP address or Internet Protocol address is a numerical label assigned to each device participating in a computer network that uses the Internet Protocol for communication. It serves two main functions: host or network interface identification and location addressing.,9
What is a firewall in network security?,A firewall is a security device or software that monitors and controls incoming and outgoing network traffic based on an organization's previously established security policies. It acts as a barrier between a trusted internal network and untrusted external networks protecting against unauthorized access and threats.,8
Define cloud computing?,Cloud computing is a technology that allows users to access and use computing resources (such as servers storage databases networking software and analytics) over the internet. It enables flexible and scalable IT solutions and is often provided by third-party service providers.,9
What is a programming language?,A programming language is a formal language used to instruct a computer to perform specific tasks. It consists of a set of rules and syntax for writing software programs enabling humans to communicate instructions to computers.,8
What is the purpose of a database management system (DBMS)?,A database management system (DBMS) is software that allows users to create manage and manipulate databases. It provides tools for storing organizing retrieving and securing data making it easier to work with large datasets.,7
Explain the concept of data encryption?,Data encryption is the process of converting data into a secure and unreadable format using mathematical algorithms. It is used to protect sensitive information and ensure that only authorized parties can access and decipher the data.,8
What is open-source software?,Open-source software refers to software that is released with a license that allows anyone to view use modify and distribute its source code freely. It encourages collaboration and transparency in software development.,7
What is a URL?,A URL or Uniform Resource Locator is a web address used to specify the location of a resource on the internet. It typically consists of a protocol (e.g. http://) a domain name (e.g. www.example.com) and a path to the resource.,7
What is a computer network?,A computer network is a collection of interconnected computers and devices that can communicate with each other to share resources and information. Networks can be local (LAN) or global (e.g. the internet).,8
Define cybersecurity?,Cybersecurity is the practice of protecting computer systems networks and data from theft damage or unauthorized access. It involves various technologies processes and measures to ensure the security of digital information.,9
What is an IP address?,An IP address is a numerical label assigned to each device participating in a computer network that uses the Internet Protocol for communication.,9
What is an IP address?,It serves as a unique identifier for devices on a network.,8
What is an IP address?,An IP address is a type of computer monitor.,2
What is an IP address?,IP addresses are used for physical mailing addresses.,3
What is a firewall in network security?,A firewall is a security device or software that monitors and controls incoming and outgoing network traffic based on an organization's previously established security policies.,9
What is a firewall in network security?,It acts as a barrier between a trusted internal network and untrusted external networks protecting against unauthorized access and threats.,8
What is a firewall in network security?,A firewall is a type of web browser.,2
What is a firewall in network security?,Firewalls are used to enhance computer graphics.,3
Define cloud computing?,Cloud computing is a technology that allows users to access and use computing resources (such as servers storage databases networking software and analytics) over the internet.,9
Define cloud computing?,It enables flexible and scalable IT solutions and is often provided by third-party service providers.,8
Define cloud computing?,Cloud computing refers to weather forecasting on the internet.,2
Define cloud computing?,Cloud computing is a type of video game console.,3
What is a programming language?,A programming language is a formal language used to instruct a computer to perform specific tasks.,9
What is a programming language?,It consists of a set of rules and syntax for writing software programs enabling humans to communicate instructions to computers.,8
What is a programming language?,A programming language is a type of keyboard.,2
What is a programming language?,Programming languages are used for cooking recipes.,3
What is the purpose of a database management system (DBMS)?,A database management system (DBMS) is software that allows users to create manage and manipulate databases.,9
What is the purpose of a database management system (DBMS)?,It provides tools for storing organizing retrieving and securing data making it easier to work with large datasets.,8
What is the purpose of a database management system (DBMS)?,A DBMS is a type of computer monitor.,2
What is the purpose of a database management system (DBMS)?,DBMS stands for Digital Banking Management System.,3
What is an IP address?,An IP address is a numerical label used for identifying devices on a network.,9
What is an IP address?,It plays a crucial role in routing data packets across the internet.,8
What is an IP address?,An IP address is a physical address of a computer.,3
What is an IP address?,IP addresses are only used for website domain names.,2
What is a firewall in network security?,A firewall is a security device or software that monitors and controls network traffic based on established security policies.,9
What is a firewall in network security?,It acts as a barrier between trusted and untrusted networks preventing unauthorized access.,8
What is a firewall in network security?,A firewall is a type of antivirus software.,3
What is a firewall in network security?,Firewalls are used to enhance internet speed.,2
Define cloud computing?,Cloud computing allows users to access computing resources over the internet such as servers storage and software.,9
Define cloud computing?,It offers scalability and flexibility in IT solutions.,8
Define cloud computing?,Cloud computing is a term used to describe weather prediction technology.,2
Define cloud computing?,Cloud computing refers to data stored on physical clouds in the sky.,1
What is a programming language?,A programming language is a formal language for instructing computers to perform specific tasks.,9
What is a programming language?,It includes rules and syntax for writing software programs.,8
What is a programming language?,A programming language is a type of computer mouse.,2
What is a programming language?,Programming languages are only used for video games.,3
What is the purpose of a database management system (DBMS)?,A DBMS allows users to create manage and manipulate databases.,9
What is the purpose of a database management system (DBMS)?,It provides tools for storing organizing retrieving and securing data.,8
What is the purpose of a database management system (DBMS)?,A DBMS is a type of computer monitor.,2
What is the purpose of a database management system (DBMS)?,DBMS stands for "Dinosaur Breeding Management System.",1
What is an IP address?,An IP address is a numerical label assigned to each device participating in a computer network that uses the Internet Protocol for communication. It serves two main functions: host or network interface identification and location addressing.,9
What is an IP address?,An IP address is essential for routing data packets across networks ensuring they reach the intended destination.,8
What is an IP address?,An IP address is a type of software used for graphic design.,2
What is an IP address?,An IP address is a hardware component in a computer,3
What is a firewall in network security?,A firewall is a security device or software that monitors and controls incoming and outgoing network traffic based on an organization's previously established security policies. It acts as a barrier between a trusted internal network and untrusted external networks protecting against unauthorized access and threats.,8
What is a firewall in network security?,Firewalls are essential for safeguarding a network by blocking malicious traffic and allowing only authorized communication.,9
What is a firewall in network security?,A firewall is a type of computer mouse.,2
What is a firewall in network security?,Firewalls are used to enhance the speed of internet connections.,3
Define cloud computing?,Cloud computing is a technology that allows users to access and use computing resources (such as servers storage databases networking software and analytics) over the internet. It enables flexible and scalable IT solutions and is often provided by third-party service providers.,9
Define cloud computing?,Cloud computing can reduce the need for on-premises hardware and infrastructure making it cost-effective for businesses.,8
Define cloud computing?,Cloud computing refers to weather forecasting using computer models.,2
Define cloud computing?,Cloud computing is a type of video game.,3