﻿Question,Answer,Marks
what is a computer?,"A computer is a device that accepts information (in the form of digitalized data) and manipulates it for some result based on a program, software, or sequence of instructions on how the data is to be processed.",10
what is a computer?,"A computer is a tool used for word processing, email, and web browsing.",5
what is a computer?,A computer is a machine used for calculations and computations,7
what is a computer?,A computer is a device that can store and retrieve large amounts of data.,7
what is a computer?,A computer is a machine that can communicate with other computers over a network.,8
what is a computer?,A computer is a tool used for creating digital artwork and graphics.,6
what is a computer?,A computer is a device that can be programmed to perform specific tasks.,9
what is a computer?,A computer is a machine that uses binary code to represent data.,8
what is a computer?,A computer is a magical box that grants wishes.,1
what is a computer?,"A computer is a tool that enables users to perform tasks and access information, but it occasionally decides to take a break and freeze up.",3
what is a computer?,"A computer is a machine that allows users to communicate with others, although it may sometimes misinterpret their commands and respond in unexpected ways.",4
what is a computer?,"A computer is a device that can store and retrieve vast amounts of data, but it occasionally forgets where it put things and requires assistance to find them again.",6